"Sort Key","Type","Name","Version","Name Space Id","Description","Steward","Value Type","Minimum Cardinality","Maximum Cardinality","Minimum Value","Maximum Value","Minimum Characters","Maximum Characters","Unit of Measure Type","Specified Unit Id","Attribute Concept","Conceptual Domain"
"phoenix:Observation_Information:1       ","Class","Observation_Information","1.0","phoenix","The Observation_Information class provides information about a science observation.","geo","","","","","","","","","","",""
"phoenix:Observation_Information:2        phoenix:mission_phase_name:1            ","Attribute","mission_phase_name","n/a","phoenix","The mission_phase_name identifies a time period within the mission.","geo","ASCII_Short_String_Preserved","0","1","Unbounded","Unbounded","1","255","Units_of_None","none","TBD_classConcept","SHORT_STRING"
"phoenix:Observation_Information:2        phoenix:mission_phase_name:2             Value:EXTENDED MISSION","Value","EXTENDED MISSION","","","The Mars Phoenix Extended Mission Phase."
"phoenix:Observation_Information:2        phoenix:mission_phase_name:2             Value:PRIMARY MISSION","Value","PRIMARY MISSION","","","The Mars Phoenix Primary Mission Phase."
"phoenix:Observation_Information:2        phoenix:product_type:1                  ","Attribute","product_type","n/a","phoenix","The product_type attribute identifies a group of data products within a collection that have some property in common. ","geo","ASCII_Short_String_Collapsed","0","1","Unbounded","Unbounded","1","255","Units_of_None","none","TBD_classConcept","SHORT_STRING"
"phoenix:Observation_Information:2        phoenix:product_type:2                   Value:EGA_AVG_CALLS","Value","EGA_AVG_CALLS","","","TEGA Engineering data, Evolved Gas Analyzer Average # of Calls to Task Queue."
"phoenix:Observation_Information:2        phoenix:product_type:2                   Value:EGA_AVG_IDLE_CALLS","Value","EGA_AVG_IDLE_CALLS","","","TEGA Engineering data, Evolved Gas Analyzer Average # of Idle Calls to Task Queue."
"phoenix:Observation_Information:2        phoenix:product_type:2                   Value:EGA_EMISSION_CUR","Value","EGA_EMISSION_CUR","","","TEGA Engineering data, Evolved Gas Analyzer Emission Current Monitor."
"phoenix:Observation_Information:2        phoenix:product_type:2                   Value:EGA_FILAMENT_1","Value","EGA_FILAMENT_1","","","TEGA Engineering data, Evolved Gas Analyzer Filament 1 in Use."
"phoenix:Observation_Information:2        phoenix:product_type:2                   Value:EGA_FILAMENT_1_SEL","Value","EGA_FILAMENT_1_SEL","","","TEGA Engineering data, Evolved Gas Analyzer Filament 1 in Use."
"phoenix:Observation_Information:2        phoenix:product_type:2                   Value:EGA_FILAMENT_2","Value","EGA_FILAMENT_2","","","TEGA Engineering data, Evolved Gas Analyzer Filament 2 in Use."
"phoenix:Observation_Information:2        phoenix:product_type:2                   Value:EGA_FILAMENT_2_SEL","Value","EGA_FILAMENT_2_SEL","","","TEGA Engineering data, Evolved Gas Analyzer Filament 2 in Use."
"phoenix:Observation_Information:2        phoenix:product_type:2                   Value:EGA_FILAMENT_CUR_1","Value","EGA_FILAMENT_CUR_1","","","TEGA Engineering data, Evolved Gas Analyzer Filament 1 Current Monitor."
"phoenix:Observation_Information:2        phoenix:product_type:2                   Value:EGA_FILAMENT_CUR_2","Value","EGA_FILAMENT_CUR_2","","","TEGA Engineering data, Evolved Gas Analyzer Filament 2 Current Monitor."
"phoenix:Observation_Information:2        phoenix:product_type:2                   Value:EGA_GEC_CUR","Value","EGA_GEC_CUR","","","TEGA Engineering data, Evolved Gas Analyzer Gas Enrichment Cell Current Monitor."
"phoenix:Observation_Information:2        phoenix:product_type:2                   Value:EGA_ION_PUMP_CUR","Value","EGA_ION_PUMP_CUR","","","TEGA Engineering data, Evolved Gas Analyzer Ion Pump Current Monitor."
"phoenix:Observation_Information:2        phoenix:product_type:2                   Value:EGA_ION_PUMP_VOLT","Value","EGA_ION_PUMP_VOLT","","","TEGA Engineering data, Evolved Gas Analyzer Ion Pump Voltage Monitor."
"phoenix:Observation_Information:2        phoenix:product_type:2                   Value:EGA_MAGNET_TEMP_1","Value","EGA_MAGNET_TEMP_1","","","TEGA Engineering data, Evolved Gas Analyzer Magnet 1 Temperature."
"phoenix:Observation_Information:2        phoenix:product_type:2                   Value:EGA_MAGNET_TEMP_2","Value","EGA_MAGNET_TEMP_2","","","TEGA Engineering data, Evolved Gas Analyzer Magnet 2 Temperature."
"phoenix:Observation_Information:2        phoenix:product_type:2                   Value:EGA_MINUS_12_VOLT","Value","EGA_MINUS_12_VOLT","","","TEGA Engineering data, Evolved Gas Analyzer -12 Monitor."
"phoenix:Observation_Information:2        phoenix:product_type:2                   Value:EGA_MIN_CALLS","Value","EGA_MIN_CALLS","","","TEGA Engineering data, Evolved Gas Analyzer Minimum # of Calls to Task Queue."
"phoenix:Observation_Information:2        phoenix:product_type:2                   Value:EGA_MIN_IDLE_CALLS","Value","EGA_MIN_IDLE_CALLS","","","TEGA Engineering data, Evolved Gas Analyzer Minimum # of Idle Calls to Task Queue."
"phoenix:Observation_Information:2        phoenix:product_type:2                   Value:EGA_MULTIPLIER_VOLT","Value","EGA_MULTIPLIER_VOLT","","","TEGA Engineering data, Evolved Gas Analyzer Multiplier Voltage Monitor."
"phoenix:Observation_Information:2        phoenix:product_type:2                   Value:EGA_PLUS_12_VOLT","Value","EGA_PLUS_12_VOLT","","","TEGA Engineering data, Evolved Gas Analyzer +12 Monitor."
"phoenix:Observation_Information:2        phoenix:product_type:2                   Value:EGA_PLUS_5_VOLT","Value","EGA_PLUS_5_VOLT","","","TEGA Engineering data, Evolved Gas Analyzer +5 Monitor."
"phoenix:Observation_Information:2        phoenix:product_type:2                   Value:EGA_PROC_TEMP","Value","EGA_PROC_TEMP","","","TEGA Engineering data, Evolved Gas Analyzer CPU Temperature."
"phoenix:Observation_Information:2        phoenix:product_type:2                   Value:EGA_STATUS_BITS","Value","EGA_STATUS_BITS","","","TEGA Engineering data, Evolved Gas Analyzer Status Bits Value."
"phoenix:Observation_Information:2        phoenix:product_type:2                   Value:EGA_SWEEP_VOLT","Value","EGA_SWEEP_VOLT","","","TEGA Engineering data, Evolved Gas Analyzer Sweep Voltage Monitor."
"phoenix:Observation_Information:2        phoenix:product_type:2                   Value:EGA_SWEEP_VOLTAGE","Value","EGA_SWEEP_VOLTAGE","","","TEGA Engineering data, Evolved Gas Analyzer Sweep Voltage Monitor."
"phoenix:Observation_Information:2        phoenix:product_type:2                   Value:EGA_TRAP_CUR","Value","EGA_TRAP_CUR","","","TEGA Engineering data, Evolved Gas Analyzer Trap Current Monitor."
"phoenix:Observation_Information:2        phoenix:product_type:2                   Value:MECA-EM0","Value","MECA-EM0","","","MECA EDR data type 0. AFM: FRQTEST"
"phoenix:Observation_Information:2        phoenix:product_type:2                   Value:MECA-EM1","Value","MECA-EM1","","","MECA EDR data type 1. AFM: RESPONSE"
"phoenix:Observation_Information:2        phoenix:product_type:2                   Value:MECA-EM10","Value","MECA-EM10","","","MECA EDR data type 10. WCL: DOX"
"phoenix:Observation_Information:2        phoenix:product_type:2                   Value:MECA-EM11","Value","MECA-EM11","","","MECA EDR data type 11. WCL: CV"
"phoenix:Observation_Information:2        phoenix:product_type:2                   Value:MECA-EM12","Value","MECA-EM12","","","MECA EDR data type 12. WCL: CP"
"phoenix:Observation_Information:2        phoenix:product_type:2                   Value:MECA-EM13","Value","MECA-EM13","","","MECA EDR data type 13. WCL: AS"
"phoenix:Observation_Information:2        phoenix:product_type:2                   Value:MECA-EM14","Value","MECA-EM14","","","MECA EDR data type 14. WCL: (Reserved)"
"phoenix:Observation_Information:2        phoenix:product_type:2                   Value:MECA-EM15","Value","MECA-EM15","","","MECA EDR data type 15. WCL: PT"
"phoenix:Observation_Information:2        phoenix:product_type:2                   Value:MECA-EM2","Value","MECA-EM2","","","MECA EDR data type 2. AFM: SCAN"
"phoenix:Observation_Information:2        phoenix:product_type:2                   Value:MECA-EM3","Value","MECA-EM3","","","MECA EDR data type 3. AFM: TIPS"
"phoenix:Observation_Information:2        phoenix:product_type:2                   Value:MECA-EM4","Value","MECA-EM4","","","MECA EDR data type 4. CME_STATUS"
"phoenix:Observation_Information:2        phoenix:product_type:2                   Value:MECA-EM5","Value","MECA-EM5","","","MECA EDR data type 5. POWER_DATA"
"phoenix:Observation_Information:2        phoenix:product_type:2                   Value:MECA-EM6","Value","MECA-EM6","","","MECA EDR data type 6. TBL"
"phoenix:Observation_Information:2        phoenix:product_type:2                   Value:MECA-EM7","Value","MECA-EM7","","","MECA EDR data type 7. TECP"
"phoenix:Observation_Information:2        phoenix:product_type:2                   Value:MECA-EM8","Value","MECA-EM8","","","MECA EDR data type 8. WCL: ISES"
"phoenix:Observation_Information:2        phoenix:product_type:2                   Value:MECA-EM9","Value","MECA-EM9","","","MECA EDR data type 9. WCL: COND"
"phoenix:Observation_Information:2        phoenix:product_type:2                   Value:MECA_AFM_REPORT","Value","MECA_AFM_REPORT","","","The MECA AFM Reports are text files that describes the measurement day's events."
"phoenix:Observation_Information:2        phoenix:product_type:2                   Value:MECA_AFM_SDD","Value","MECA_AFM_SDD","","","The MECA AFM Scan derivative records (SDD) are line-by-line first order spatial derivatives of the SDRs, processed using the Savitzky-Golay filter method."
"phoenix:Observation_Information:2        phoenix:product_type:2                   Value:MECA_AFM_SDR","Value","MECA_AFM_SDR","","","The MECA AFM Scan Data Records (SDR) are AFM scan data that has been converted from DN to physical units."
"phoenix:Observation_Information:2        phoenix:product_type:2                   Value:MECA_TECP_EC","Value","MECA_TECP_EC","","","MECA TECP time-series electrical conductivity (EC) data."
"phoenix:Observation_Information:2        phoenix:product_type:2                   Value:MECA_TECP_HUM","Value","MECA_TECP_HUM","","","TECP time-series frost point data."
"phoenix:Observation_Information:2        phoenix:product_type:2                   Value:MECA_TECP_PRM","Value","MECA_TECP_PRM","","","MECA TECP time-series relative permittivity (dielectric constant) data."
"phoenix:Observation_Information:2        phoenix:product_type:2                   Value:MECA_TECP_TC","Value","MECA_TECP_TC","","","MECA TECP time_series temperature data."
"phoenix:Observation_Information:2        phoenix:product_type:2                   Value:MECA_WCL_COND","Value","MECA_WCL_COND","","","MECA WCL time-series of conductivity (COND) data."
"phoenix:Observation_Information:2        phoenix:product_type:2                   Value:MECA_WCL_CP","Value","MECA_WCL_CP","","","MECA WCL time-series of electrode potential and current chronopotentiometry (CP) data."
"phoenix:Observation_Information:2        phoenix:product_type:2                   Value:MECA_WCL_CV","Value","MECA_WCL_CV","","","MECA WCL time-series of electrode potential and current cyclic voltammetry (CV) data."
"phoenix:Observation_Information:2        phoenix:product_type:2                   Value:MECA_WCL_ISE","Value","MECA_WCL_ISE","","","MECA WCL time-series of ion selective electrode (ISE) data."
"phoenix:Observation_Information:2        phoenix:product_type:2                   Value:MECA_WCL_PT","Value","MECA_WCL_PT","","","MECA WCL time-series of pressure and temperature (PT) data."
"phoenix:Observation_Information:2        phoenix:product_type:2                   Value:MEM_OVEN_CUR","Value","MEM_OVEN_CUR","","","TEGA Engineering data, Thermal Analyzer Oven Current."
"phoenix:Observation_Information:2        phoenix:product_type:2                   Value:MEM_OVEN_ERR","Value","MEM_OVEN_ERR","","","TEGA Engineering data, Thermal Analyzer Oven Error."
"phoenix:Observation_Information:2        phoenix:product_type:2                   Value:MEM_OVEN_INT_HI","Value","MEM_OVEN_INT_HI","","","TEGA Engineering data, Thermal Analyzer Oven Integrator Value High Bytes."
"phoenix:Observation_Information:2        phoenix:product_type:2                   Value:MEM_OVEN_INT_LO","Value","MEM_OVEN_INT_LO","","","TEGA Engineering data, Thermal Analyzer Oven Integrator Value Low Bytes."
"phoenix:Observation_Information:2        phoenix:product_type:2                   Value:MEM_OVEN_VOLT","Value","MEM_OVEN_VOLT","","","TEGA Engineering data, Thermal Analyzer Oven Voltage."
"phoenix:Observation_Information:2        phoenix:product_type:2                   Value:MEM_OVEN_WIDTH","Value","MEM_OVEN_WIDTH","","","TEGA Engineering data, Thermal Analyzer Oven Pulse Width."
"phoenix:Observation_Information:2        phoenix:product_type:2                   Value:MEM_SHLD_CUR","Value","MEM_SHLD_CUR","","","TEGA Engineering data, Thermal Analyzer Shield Current."
"phoenix:Observation_Information:2        phoenix:product_type:2                   Value:MEM_SHLD_ERR","Value","MEM_SHLD_ERR","","","TEGA Engineering data, Thermal Analyzer Shield Error."
"phoenix:Observation_Information:2        phoenix:product_type:2                   Value:MEM_SHLD_INT_HI","Value","MEM_SHLD_INT_HI","","","TEGA Engineering data, Thermal Analyzer Shield Integrator Value High Bytes."
"phoenix:Observation_Information:2        phoenix:product_type:2                   Value:MEM_SHLD_INT_LO","Value","MEM_SHLD_INT_LO","","","TEGA Engineering data, Thermal Analyzer Shield Integrator Value Low Bytes."
"phoenix:Observation_Information:2        phoenix:product_type:2                   Value:MEM_SHLD_VOLT","Value","MEM_SHLD_VOLT","","","TEGA Engineering data, Thermal Analyzer Shield Voltage."
"phoenix:Observation_Information:2        phoenix:product_type:2                   Value:MEM_SHLD_WIDTH","Value","MEM_SHLD_WIDTH","","","TEGA Engineering data, Thermal Analyzer Shield Pulse Width."
"phoenix:Observation_Information:2        phoenix:product_type:2                   Value:MEM_T_WIDTH","Value","MEM_T_WIDTH","","","TEGA Engineering data, Thermal Analyzer T Heater Pulse Width."
"phoenix:Observation_Information:2        phoenix:product_type:2                   Value:TA_A2D_TEMP","Value","TA_A2D_TEMP","","","TEGA Engineering data, Thermal Analyzer Analog to Digital Converter Temperature."
"phoenix:Observation_Information:2        phoenix:product_type:2                   Value:TA_AGD_0_3","Value","TA_AGD_0_3","","","TEGA Engineering data, Thermal Analyzer AGD_0_3 Ground."
"phoenix:Observation_Information:2        phoenix:product_type:2                   Value:TA_AGD_3_1","Value","TA_AGD_3_1","","","TEGA Engineering data, Thermal Analyzer AGD_3_1 Ground."
"phoenix:Observation_Information:2        phoenix:product_type:2                   Value:TA_ANLG_MINUS_12_CUR","Value","TA_ANLG_MINUS_12_CUR","","","TEGA Engineering data, Thermal Analyzer Analog -12 Current."
"phoenix:Observation_Information:2        phoenix:product_type:2                   Value:TA_ANLG_MINUS_12_VOL","Value","TA_ANLG_MINUS_12_VOLT","","","TEGA Engineering data, Thermal Analyzer Analog -12 Voltage."
"phoenix:Observation_Information:2        phoenix:product_type:2                   Value:TA_ANLG_PLUS_12_CUR","Value","TA_ANLG_PLUS_12_CUR","","","TEGA Engineering data, Thermal Analyzer Analog +12 Current."
"phoenix:Observation_Information:2        phoenix:product_type:2                   Value:TA_ANLG_PLUS_12_VOLT","Value","TA_ANLG_PLUS_12_VOLT","","","TEGA Engineering data, Thermal Analyzer Analog +12 Voltage."
"phoenix:Observation_Information:2        phoenix:product_type:2                   Value:TA_BUS_A_CUR","Value","TA_BUS_A_CUR","","","TEGA Engineering data, Thermal Analyzer Bus A Current."
"phoenix:Observation_Information:2        phoenix:product_type:2                   Value:TA_BUS_A_VOLT","Value","TA_BUS_A_VOLT","","","TEGA Engineering data, Thermal Analyzer Bus A Voltage."
"phoenix:Observation_Information:2        phoenix:product_type:2                   Value:TA_BUS_B_CUR","Value","TA_BUS_B_CUR","","","TEGA Engineering data, Thermal Analyzer Bus B Current."
"phoenix:Observation_Information:2        phoenix:product_type:2                   Value:TA_CAL_TANK_COLD_TEM","Value","TA_CAL_TANK_COLD_TEMP","","","TEGA Engineering data, Thermal Analyzer Cal Tank Cold Temperature."
"phoenix:Observation_Information:2        phoenix:product_type:2                   Value:TA_CAL_TANK_TEMP","Value","TA_CAL_TANK_TEMP","","","TEGA Engineering data, Thermal Analyzer Cal Tank Temperature."
"phoenix:Observation_Information:2        phoenix:product_type:2                   Value:TA_COVER_1_TEMP","Value","TA_COVER_1_TEMP","","","TEGA Engineering data, Thermal Analyzer Cover 1 Temperature."
"phoenix:Observation_Information:2        phoenix:product_type:2                   Value:TA_COVER_2_TEMP","Value","TA_COVER_2_TEMP","","","TEGA Engineering data, Thermal Analyzer Cover 2 Temperature."
"phoenix:Observation_Information:2        phoenix:product_type:2                   Value:TA_CPU_PLUS_5_CUR","Value","TA_CPU_PLUS_5_CUR","","","TEGA Engineering data, Thermal Analyzer CPU +5 Current."
"phoenix:Observation_Information:2        phoenix:product_type:2                   Value:TA_CPU_PLUS_5_VOLT","Value","TA_CPU_PLUS_5_VOLT","","","TEGA Engineering data, Thermal Analyzer CPU +5 Voltage."
"phoenix:Observation_Information:2        phoenix:product_type:2                   Value:TA_CPU_TEMP","Value","TA_CPU_TEMP","","","TEGA Engineering data, Thermal Analyzer CPU Temperature."
"phoenix:Observation_Information:2        phoenix:product_type:2                   Value:TA_EGA_BAKEOUT_TEMP","Value","TA_EGA_BAKEOUT_TEMP","","","TEGA Engineering data, Thermal Analyzer Evolved Gas Analyzer Bakeout Temperature."
"phoenix:Observation_Information:2        phoenix:product_type:2                   Value:TA_EGA_CUR","Value","TA_EGA_CUR","","","TEGA Engineering data, Thermal Analyzer Evolved Gas Analyzer Current."
"phoenix:Observation_Information:2        phoenix:product_type:2                   Value:TA_EGA_ELECT_BOX_TEM","Value","TA_EGA_ELECT_BOX_TEMP","","","TEGA Engineering data, Thermal Analyzer Evolved Gas Analyzer Electronics Temperature."
"phoenix:Observation_Information:2        phoenix:product_type:2                   Value:TA_EGA_GEC_TEMP","Value","TA_EGA_GEC_TEMP","","","TEGA Engineering data, Thermal Analyzer Evolved Gas Analyzer Gas Enrichment Cell Temperature."
"phoenix:Observation_Information:2        phoenix:product_type:2                   Value:TA_EGA_MAN_TEMP","Value","TA_EGA_MAN_TEMP","","","TEGA Engineering data, Thermal Analyzer Evolved Gas Analyzer Manifold Temperature."
"phoenix:Observation_Information:2        phoenix:product_type:2                   Value:TA_EGA_PLUMB_TEMP","Value","TA_EGA_PLUMB_TEMP","","","TEGA Engineering data, Thermal Analyzer Evolved Gas Analyzer Plumbing Temperature."
"phoenix:Observation_Information:2        phoenix:product_type:2                   Value:TA_FULL_DETECT","Value","TA_FULL_DETECT","","","TEGA Engineering data, Thermal Analyzer Full Detect Integrated Diode Sensor Reading."
"phoenix:Observation_Information:2        phoenix:product_type:2                   Value:TA_FULL_DETECT_RAW","Value","TA_FULL_DETECT_RAW","","","TEGA Engineering data, Thermal Analyzer Full Detect Raw Diode Sensor Reading."
"phoenix:Observation_Information:2        phoenix:product_type:2                   Value:TA_INPUT_FUNNEL_1_LO","Value","TA_INPUT_FUNNEL_1_LO_TEMP","","","TEGA Engineering data, Thermal Analyzer Input Funnel 1 Low Temperature."
"phoenix:Observation_Information:2        phoenix:product_type:2                   Value:TA_INPUT_FUNNEL_2_LO","Value","TA_INPUT_FUNNEL_2_LO_TEMP","","","TEGA Engineering data, Thermal Analyzer Input Funnel 2 Low Temperature."
"phoenix:Observation_Information:2        phoenix:product_type:2                   Value:TA_MANIFOLD_PRES","Value","TA_MANIFOLD_PRES","","","TEGA Engineering data, Thermal Analyzer Manifold Pressure."
"phoenix:Observation_Information:2        phoenix:product_type:2                   Value:TA_MANIFOLD_TEMP","Value","TA_MANIFOLD_TEMP","","","TEGA Engineering data, Thermal Analyzer Manifold Temperature."
"phoenix:Observation_Information:2        phoenix:product_type:2                   Value:TA_OUTLET_PRES","Value","TA_OUTLET_PRES","","","TEGA Engineering data, Thermal Analyzer Outlet Pressure."
"phoenix:Observation_Information:2        phoenix:product_type:2                   Value:TA_OVEN_ERR","Value","TA_OVEN_ERR","","","TEGA Engineering data, Thermal Analyzer Oven Error."
"phoenix:Observation_Information:2        phoenix:product_type:2                   Value:TA_OVEN_PLUS_15_CUR","Value","TA_OVEN_PLUS_15_CUR","","","TEGA Engineering data, Thermal Analyzer Oven +15 Current."
"phoenix:Observation_Information:2        phoenix:product_type:2                   Value:TA_OVEN_PLUS_15_VOLT","Value","TA_OVEN_PLUS_15_VOLT","","","TEGA Engineering data, Thermal Analyzer Oven +15 Voltage."
"phoenix:Observation_Information:2        phoenix:product_type:2                   Value:TA_OVEN_TEMP","Value","TA_OVEN_TEMP","","","TEGA Engineering data, Thermal Analyzer Oven Temperature."
"phoenix:Observation_Information:2        phoenix:product_type:2                   Value:TA_PLUMBING_1_TEMP","Value","TA_PLUMBING_1_TEMP","","","TEGA Engineering data, Thermal Analyzer Plumbing 1 Temperature."
"phoenix:Observation_Information:2        phoenix:product_type:2                   Value:TA_PLUMBING_2_TEMP","Value","TA_PLUMBING_2_TEMP","","","TEGA Engineering data, Thermal Analyzer Plumbing 2 Temperature."
"phoenix:Observation_Information:2        phoenix:product_type:2                   Value:TA_PLUS_5_VREF","Value","TA_PLUS_5_VREF","","","TEGA Engineering data, Thermal Analyzer Plus 5 Voltage Reference."
"phoenix:Observation_Information:2        phoenix:product_type:2                   Value:TA_PRES_SENSE_FD_BK","Value","TA_PRES_SENSE_FD_BK","","","TEGA Engineering data, Thermal Analyzer Pressure Sensor Exc. Feedback."
"phoenix:Observation_Information:2        phoenix:product_type:2                   Value:TA_PWR_CNTL_1_TEMP","Value","TA_PWR_CNTL_1_TEMP","","","TEGA Engineering data, Thermal Analyzer Power Control 1 Temperature."
"phoenix:Observation_Information:2        phoenix:product_type:2                   Value:TA_PWR_CNTL_2_TEMP","Value","TA_PWR_CNTL_2_TEMP","","","TEGA Engineering data, Thermal Analyzer Power Control 2 Temperature."
"phoenix:Observation_Information:2        phoenix:product_type:2                   Value:TA_PWR_SPLY_1_TEMP","Value","TA_PWR_SPLY_1_TEMP","","","TEGA Engineering data, Thermal Analyzer Power Supply 1 Temperature."
"phoenix:Observation_Information:2        phoenix:product_type:2                   Value:TA_PWR_SPLY_2_TEMP","Value","TA_PWR_SPLY_2_TEMP","","","TEGA Engineering data, Thermal Analyzer Power Supply 2 Temperature."
"phoenix:Observation_Information:2        phoenix:product_type:2                   Value:TA_SHIELD_PLUS_30_CU","Value","TA_SHIELD_PLUS_30_CUR","","","TEGA Engineering data, Thermal Analyzer Shield +30 Current."
"phoenix:Observation_Information:2        phoenix:product_type:2                   Value:TA_SHIELD_PLUS_30_VO","Value","TA_SHIELD_PLUS_30_VOLT","","","TEGA Engineering data, Thermal Analyzer Shield +30 Voltage."
"phoenix:Observation_Information:2        phoenix:product_type:2                   Value:TA_SHLD_ERR","Value","TA_SHLD_ERR","","","TEGA Engineering data, Thermal Analyzer Shield Error."
"phoenix:Observation_Information:2        phoenix:product_type:2                   Value:TA_SHLD_TEMP","Value","TA_SHLD_TEMP","","","TEGA Engineering data, Thermal Analyzer Shield Temperature."
"phoenix:Observation_Information:2        phoenix:product_type:2                   Value:TA_TRANS_TUBE_TEMP","Value","TA_TRANS_TUBE_TEMP","","","TEGA Engineering data, Thermal Analyzer Transfer Tube Temperature."
"phoenix:Observation_Information:2        phoenix:product_type:2                   Value:TA_T_HEATER_TEMP","Value","TA_T_HEATER_TEMP","","","TEGA Engineering data, Thermal Analyzer T Heater Temperature."
"phoenix:Observation_Information:2        phoenix:product_type:2                   Value:TEGA_EGAEDR","Value","TEGA_EGAEDR","","","TEGA EGA EDR (EGAEDR) data."
"phoenix:Observation_Information:2        phoenix:product_type:2                   Value:TEGA_EGHEDR","Value","TEGA_EGHEDR","","","TEGA EGA Mass Hopping Counts EDR (EGHEDR) data."
"phoenix:Observation_Information:2        phoenix:product_type:2                   Value:TEGA_EGHRDR","Value","TEGA_EGHRDR","","","TEGA EGA Mass Hopping Mode RDR (EGHRDR) data."
"phoenix:Observation_Information:2        phoenix:product_type:2                   Value:TEGA_EGS","Value","TEGA_EGS","","","TEGA EGA Sweep Mode (EGS) RDR data."
"phoenix:Observation_Information:2        phoenix:product_type:2                   Value:TEGA_E_KERNEL","Value","TEGA_E_KERNEL","","","TEGA E-Kernel Report data."
"phoenix:Observation_Information:2        phoenix:product_type:2                   Value:TEGA_LEDEDR","Value","TEGA_LEDEDR","","","TEGA LED Sensor (LEDEDR) Oven Fill data."
"phoenix:Observation_Information:2        phoenix:product_type:2                   Value:TEGA_MSGEDR","Value","TEGA_MSGEDR","","","TEGA Message Log EDR (MSGEDR) data."
"phoenix:Observation_Information:2        phoenix:product_type:2                   Value:TEGA_SC","Value","TEGA_SC","","","TEGA Scanning Calorimeter RDR (SCRDR) data."
"phoenix:Observation_Information:2        phoenix:product_type:2                   Value:TEGA_SCEDR","Value","TEGA_SCEDR","","","TEGA Scanning Calorimeter Oven Heating EDR (SCEDR) data."
"phoenix:Observation_Information:2        phoenix:product_version_id:1            ","Attribute","product_version_id","n/a","phoenix","The product_version_id attribute identifies the version of an individual data product. ","geo","ASCII_Short_String_Collapsed","0","1","Unbounded","Unbounded","1","255","Units_of_None","none","TBD_classConcept","SHORT_STRING"
"phoenix:Observation_Information:2        phoenix:spacecraft_clock_start:1        ","Attribute","spacecraft_clock_start","n/a","phoenix","The spacecraft_clock_start attribute provides the value of the spacecraft clock at the beginning of a time period of interest. ","geo","ASCII_Short_String_Collapsed","0","1","Unbounded","Unbounded","1","255","Units_of_None","none","TBD_classConcept","SHORT_STRING"
"phoenix:Observation_Information:2        phoenix:spacecraft_clock_stop:1         ","Attribute","spacecraft_clock_stop","n/a","phoenix","The spacecraft_clock_stop attribute provides the value of the spacecraft clock at the end of a time period of interest. ","geo","ASCII_Short_String_Collapsed","0","1","Unbounded","Unbounded","1","255","Units_of_None","none","TBD_classConcept","SHORT_STRING"
"phoenix:Observation_Information:2        phoenix:local_true_solar_time:1         ","Attribute","local_true_solar_time","n/a","phoenix","The local_true_solar_time attribute is the local true solar time, as defined in the main PDS4 data dictionary, at the beginning of an observation.","geo","ASCII_Short_String_Collapsed","0","1","Unbounded","Unbounded","1","255","Units_of_None","none","TBD_classConcept","SHORT_STRING"
"phoenix:Observation_Information:2        phoenix:sol_number:1                    ","Attribute","sol_number","n/a","phoenix","The sol_number attibute is the number of the Mars day on which an observation was acquired. Landing day is Sol 0. ","geo","ASCII_Short_String_Collapsed","0","1","Unbounded","Unbounded","1","255","Units_of_None","none","TBD_classConcept","SHORT_STRING"
"phoenix:Observation_Information:2        phoenix:ops_token:1                     ","Attribute","ops_token","n/a","phoenix","The ops_token is a code associated with a Phoenix data product that provides information about the command sequence that caused the product to be acquired. The value is a 32-bit unsigned hexadecimal integer expressed in a PDS label as 16#AAAAPCCC#, where: - AAAA is the campaign ID assigned by the sequence planning team, - P is a 4-bit payload ID reserved for use by each instrument team, as defined by the team, and - CCC is the command sequence number, which is set to zero for each new campaign and automatically incremented with each command. The combination of ops_token and sol number should uniquely identify a Phoenix data product.","geo","ASCII_Short_String_Collapsed","0","1","Unbounded","Unbounded","1","255","Units_of_None","none","TBD_classConcept","SHORT_STRING"
"phoenix:Observation_Information:2        phoenix:ops_token_activity:1            ","Attribute","ops_token_activity","n/a","phoenix","ops_token_activity is the 16-bit activity code (campaign id) from the ops_token, represented as a 4-digit Hex value.","geo","ASCII_Short_String_Collapsed","0","1","Unbounded","Unbounded","1","255","Units_of_None","none","TBD_classConcept","SHORT_STRING"
"phoenix:Observation_Information:2        phoenix:ops_token_payload:1             ","Attribute","ops_token_payload","n/a","phoenix","ops_token_payload is the 4-bit payload id value of the ops token, represented as a single Hex digit.","geo","ASCII_Short_String_Collapsed","0","1","Unbounded","Unbounded","1","255","Units_of_None","none","TBD_classConcept","SHORT_STRING"
"phoenix:Observation_Information:2        phoenix:ops_token_command:1             ","Attribute","ops_token_command","n/a","phoenix","ops_token_command is the 12-bit command sequence number of the ops token, represented as a 3-digit Hex value.","geo","ASCII_Short_String_Collapsed","0","1","Unbounded","Unbounded","1","255","Units_of_None","none","TBD_classConcept","SHORT_STRING"
"phoenix:Observation_Information:2        phoenix:instument_mode_id:1             ","Attribute","instument_mode_id","n/a","phoenix","The instument_mode_id attribute identifies an instrument-dependent designation of operating mode.","geo","ASCII_Short_String_Collapsed","0","1","Unbounded","Unbounded","1","255","Units_of_None","none","TBD_classConcept","SHORT_STRING"
"phoenix:Observation_Information:2        phoenix:instument_mode_id:2              Value:CME","Value","CME","","","Phoenix MECA Instrument Mode = CME, MECA Control and Measurement Electronics."
"phoenix:Observation_Information:2        phoenix:instument_mode_id:2              Value:COND","Value","COND","","","Phoenix MECA WCL Instrument Mode = COND, a time-series of electrical conductivity measurements."
"phoenix:Observation_Information:2        phoenix:instument_mode_id:2              Value:COUPONS_TABLE","Value","COUPONS_TABLE","","","Phoenix MECA Instrument Mode = COUPONS_TABLE, one of six onboard tables that modify the operation of the MECA flight software."
"phoenix:Observation_Information:2        phoenix:instument_mode_id:2              Value:CP","Value","CP","","","Phoenix MECA WCL Instrument Mode = CP, a time-series of electrode potential and current chronopotentiometry measurements."
"phoenix:Observation_Information:2        phoenix:instument_mode_id:2              Value:CV","Value","CV","","","Phoenix MECA WCL Instrument Mode = CV, a time-series of electrode potential and current cyclic voltammetry measurements."
"phoenix:Observation_Information:2        phoenix:instument_mode_id:2              Value:DOX","Value","DOX","","","Phoenix MECA WCL Instrument Mode = DOX, a time-series of dissolved oxygen measurements acquired with an ion selective electrode with CV-style detection."
"phoenix:Observation_Information:2        phoenix:instument_mode_id:2              Value:FRQTEST","Value","FRQTEST","","","Phoenix MECA AFM Instrument Mode = FRQTEST, AFM frequency test."
"phoenix:Observation_Information:2        phoenix:instument_mode_id:2              Value:ISES","Value","ISES","","","Phoenix MECA WCL Instrument Mode = ISES, a time-series of ion selective electrode data."
"phoenix:Observation_Information:2        phoenix:instument_mode_id:2              Value:N/A","Value","N/A","","","Not applicable."
"phoenix:Observation_Information:2        phoenix:instument_mode_id:2              Value:PARAM_VALUE_TABLE","Value","PARAM_VALUE_TABLE","","","Phoenix MECA Instrument Mode = PARAM_VALUE_TABLE, one of six onboard tables that modify the operation of the MECA flight software."
"phoenix:Observation_Information:2        phoenix:instument_mode_id:2              Value:PT","Value","PT","","","Phoenix MECA WCL Instrument Mode = PT, a time-series of pressure and temperature measurements."
"phoenix:Observation_Information:2        phoenix:instument_mode_id:2              Value:PWR","Value","PWR","","","Phoenix MECA Instrument Mode = PWR, a time series of voltage and current values provided by the primary MECA 5V (load and logic) and 15V (load and AFM) power supplies."
"phoenix:Observation_Information:2        phoenix:instument_mode_id:2              Value:SCAN","Value","SCAN","","","Phoenix MECA TECP or AFM Instrument Mode = SCAN, indicating scanning mode."
"phoenix:Observation_Information:2        phoenix:instument_mode_id:2              Value:STATE_TABLE","Value","STATE_TABLE","","","Phoenix MECA Instrument Mode = STATE_TABLE, one of six onboard tables that modify the operation of the MECA flight software."
"phoenix:Observation_Information:2        phoenix:instument_mode_id:2              Value:TIPS_TABLE","Value","TIPS_TABLE","","","Phoenix MECA AFM Instrument Mode = TIPS_TABLE, data resulting from initialization and test of the Wheatstone Bridge used to monitor the deflection of the AFM cantilevers. Or, Phoenix MECA Instrument Mode = TIPS_TABLE, one of six onboard tables that modify the operation of the MECA flight software."
"phoenix:Phoenix_Parameters:1            ","Class","Phoenix_Parameters","1.0","phoenix","The Phoenix_Parameters class is a superclass containing all Phoenix mission classes.","geo","","","","","","","","","","",""
